{
  "subset": "medium",
  "n_trials": 40,
  "best_params": {
    "lr": 0.00011046486337776685,
    "weight_decay": 0.0003012144294545548,
    "dropout": 0.4584643087359067,
    "hidden_dim": 512,
    "depth": 4,
    "batch_size": 32
  },
  "search_best_val_acc": 0.6806387305259705,
  "final_seeds": [
    0,
    1,
    2,
    3,
    4
  ],
  "final_val_acc_mean": 0.6748902082443238,
  "final_val_acc_std": 0.0019269441042417703,
  "final_test_acc_mean": 0.628371550719005,
  "final_test_acc_std": 0.006382644958686735
}