{
    "name": "fma_medium_deeper_batchnorm_gap_preprocessed",
    "actual_epochs": 30,
    "best_val_accuracy": 0.6042332268370607,
    "best_val_loss": 1.5706799483527771,
    "final_train_accuracy": 0.574959807073955,
    "final_val_accuracy": 0.6042332268370607,
    "test_loss": 1.7331080140073785,
    "test_accuracy": 0.5536547433903577,
    "weighted_precision": 0.594722968612466,
    "weighted_recall": 0.5536547433903577,
    "weighted_f1": 0.5638354311258187,
    "macro_precision": 0.356325590632956,
    "macro_recall": 0.4447413194970259,
    "macro_f1": 0.3752995483321906,
    "num_classes": 16,
    "classes": [
        "Blues",
        "Classical",
        "Country",
        "Easy Listening",
        "Electronic",
        "Experimental",
        "Folk",
        "Hip-Hop",
        "Instrumental",
        "International",
        "Jazz",
        "Old-Time / Historic",
        "Pop",
        "Rock",
        "Soul-RnB",
        "Spoken"
    ],
    "batch_size": 32,
    "epochs_requested": 30,
    "patience": 7,
    "learning_rate": 0.001,
    "dropout": 0.4
}